"group","ramprate","dCTmax"
"core_30",0.1666667,36.59
"core_28.5",0.1666667,36.65
"core_28.5",0.1666667,36.678
"core_28.5",0.1666667,36.68
"core_28.5",0.1666667,36.69
"core_28.5",0.1666667,36.695
"core_30",0.1666667,36.721
"core_30",0.1666667,36.721
"core_28.5",0.1666667,36.722
"core_28.5",0.1666667,36.724
"core_28.5",0.1666667,36.724
"core_28.5",0.1666667,36.737
"core_28.5",0.1666667,36.737
"core_28.5",0.1666667,36.77
"core_30",0.1666667,36.78
"core_28.5",0.1666667,36.786
"core_28.5",0.1666667,36.786
"core_28.5",0.1666667,36.786
"core_28.5",0.1666667,36.788
"core_28.5",0.1666667,36.794
"core_28.5",0.1666667,36.794
"core_28.5",0.1666667,36.798
"core_28.5",0.1666667,36.798
"core_28.5",0.1666667,36.798
"core_28.5",0.1666667,36.799
"core_28.5",0.1666667,36.799
"core_30",0.1666667,36.81
"core_28.5",0.1666667,36.842
"core_30",0.1666667,36.848
"core_30",0.1666667,36.848
"core_30",0.1666667,36.85
"core_28.5",0.1666667,36.88
"core_28.5",0.1666667,36.882
"core_31.5",0.1666667,36.889
"core_30",0.1666667,36.895
"core_28.5",0.1666667,36.9
"core_28.5",0.1666667,36.905
"core_30",0.1666667,36.916
"core_30",0.1666667,36.93
"core_31.5",0.1666667,36.93
"core_31.5",0.1666667,36.95
"core_28.5",0.1666667,36.95
"core_30",0.1666667,36.95
"core_28.5",0.1666667,36.969
"core_28.5",0.1666667,36.969
"core_30",0.1666667,36.969
"core_30",0.1666667,36.969
"core_31.5",0.1666667,36.969
"core_31.5",0.1666667,36.969
"core_30",0.1666667,36.97
"core_28.5",0.1666667,36.989
"core_30",0.1666667,36.989
"core_30",0.1666667,36.989
"core_30",0.1666667,36.993
"core_30",0.1666667,36.997
"core_28.5",0.1666667,37
"core_28.5",0.1666667,37
"core_30",0.1666667,37.003
"core_30",0.1666667,37.003
"core_30",0.1666667,37.019
"core_31.5",0.1666667,37.024
"core_30",0.1666667,37.03
"core_30",0.1666667,37.051
"core_30",0.1666667,37.051
"core_30",0.1666667,37.062
"core_30",0.1666667,37.063
"core_31.5",0.1666667,37.065
"core_31.5",0.1666667,37.065
"core_31.5",0.1666667,37.07
"core_28.5",0.1666667,37.071
"core_30",0.1666667,37.071
"core_31.5",0.1666667,37.071
"core_28.5",0.1666667,37.073
"core_30",0.1666667,37.078
"core_31.5",0.1666667,37.081
"core_31.5",0.1666667,37.092
"core_30",0.1666667,37.093
"core_28.5",0.1666667,37.1
"core_28.5",0.1666667,37.1
"core_28.5",0.1666667,37.1
"core_30",0.1666667,37.1
"core_30",0.1666667,37.1
"core_31.5",0.1666667,37.1
"core_28.5",0.1666667,37.101
"core_30",0.1666667,37.101
"core_30",0.1666667,37.13
"core_31.5",0.1666667,37.13
"core_28.5",0.1666667,37.14
"core_31.5",0.1666667,37.14
"core_30",0.1666667,37.153
"core_31.5",0.1666667,37.153
"core_31.5",0.1666667,37.153
"core_31.5",0.1666667,37.168
"core_30",0.1666667,37.171
"core_30",0.1666667,37.178
"core_30",0.1666667,37.178
"core_30",0.1666667,37.18
"core_30",0.1666667,37.18
"core_31.5",0.1666667,37.19
"core_28.5",0.1666667,37.21
"core_30",0.1666667,37.21
"core_31.5",0.1666667,37.211
"core_31.5",0.1666667,37.23
"core_28.5",0.1666667,37.238
"core_31.5",0.1666667,37.238
"core_31.5",0.1666667,37.245
"core_30",0.1666667,37.25
"core_30",0.1666667,37.25
"core_30",0.1666667,37.25
"core_31.5",0.1666667,37.25
"core_31.5",0.1666667,37.259
"core_31.5",0.1666667,37.292
"core_31.5",0.1666667,37.292
"core_31.5",0.1666667,37.292
"core_31.5",0.1666667,37.294
"core_30",0.1666667,37.3
"core_30",0.1666667,37.3
"core_30",0.1666667,37.3
"core_30",0.1666667,37.3
"core_31.5",0.1666667,37.307
"core_31.5",0.1666667,37.32
"core_31.5",0.1666667,37.5
"core_31.5",0.1666667,37.5
"core_31.5",0.1666667,37.5
"core_31.5",0.1666667,37.5
"core_31.5",0.1666667,37.55
"core_31.5",0.1666667,37.6
"leading_28.5",0.1666667,36.483
"leading_28.5",0.1666667,36.5
"leading_30",0.1666667,36.6
"leading_30",0.1666667,36.6
"leading_28.5",0.1666667,36.63
"leading_30",0.1666667,36.666
"leading_28.5",0.1666667,36.669
"leading_28.5",0.1666667,36.68
"leading_28.5",0.1666667,36.685
"leading_28.5",0.1666667,36.685
"leading_28.5",0.1666667,36.685
"leading_28.5",0.1666667,36.693
"leading_28.5",0.1666667,36.693
"leading_30",0.1666667,36.693
"leading_30",0.1666667,36.7
"leading_28.5",0.1666667,36.71
"leading_28.5",0.1666667,36.71
"leading_28.5",0.1666667,36.71
"leading_30",0.1666667,36.71
"leading_30",0.1666667,36.71
"leading_28.5",0.1666667,36.73
"leading_30",0.1666667,36.74
"leading_28.5",0.1666667,36.746
"leading_30",0.1666667,36.746
"leading_30",0.1666667,36.746
"leading_28.5",0.1666667,36.77
"leading_28.5",0.1666667,36.8
"leading_28.5",0.1666667,36.8
"leading_30",0.1666667,36.8
"leading_28.5",0.1666667,36.811
"leading_28.5",0.1666667,36.811
"leading_30",0.1666667,36.811
"leading_30",0.1666667,36.811
"leading_30",0.1666667,36.852
"leading_30",0.1666667,36.852
"leading_30",0.1666667,36.86
"leading_30",0.1666667,36.873
"leading_30",0.1666667,36.873
"leading_30",0.1666667,36.873
"leading_30",0.1666667,36.873
"leading_30",0.1666667,36.873
"leading_31.5",0.1666667,36.873
"leading_31.5",0.1666667,36.873
"leading_28.5",0.1666667,36.9
"leading_28.5",0.1666667,36.9
"leading_28.5",0.1666667,36.9
"leading_28.5",0.1666667,36.9
"leading_30",0.1666667,36.9
"leading_30",0.1666667,36.9
"leading_31.5",0.1666667,36.9
"leading_28.5",0.1666667,36.902
"leading_30",0.1666667,36.902
"leading_31.5",0.1666667,36.907
"leading_31.5",0.1666667,36.907
"leading_31.5",0.1666667,36.907
"leading_28.5",0.1666667,36.929
"leading_31.5",0.1666667,36.93
"leading_30",0.1666667,36.94
"leading_30",0.1666667,36.94
"leading_31.5",0.1666667,36.94
"leading_31.5",0.1666667,36.99
"leading_28.5",0.1666667,37
"leading_28.5",0.1666667,37
"leading_28.5",0.1666667,37
"leading_28.5",0.1666667,37
"leading_28.5",0.1666667,37
"leading_30",0.1666667,37
"leading_30",0.1666667,37
"leading_30",0.1666667,37
"leading_31.5",0.1666667,37.019
"leading_31.5",0.1666667,37.019
"leading_31.5",0.1666667,37.019
"leading_31.5",0.1666667,37.019
"leading_31.5",0.1666667,37.043
"leading_31.5",0.1666667,37.043
"leading_31.5",0.1666667,37.07
"leading_31.5",0.1666667,37.07
"leading_31.5",0.1666667,37.07
"leading_31.5",0.1666667,37.07
"leading_31.5",0.1666667,37.073
"leading_31.5",0.1666667,37.097
"leading_31.5",0.1666667,37.097
"leading_28.5",0.1666667,37.1
"leading_28.5",0.1666667,37.1
"leading_30",0.1666667,37.1
"leading_28.5",0.1666667,37.1
"leading_28.5",0.1666667,37.1
"leading_30",0.1666667,37.1
"leading_30",0.1666667,37.14
"leading_31.5",0.1666667,37.15
"leading_30",0.1666667,37.2
"leading_31.5",0.1666667,37.2
"leading_31.5",0.1666667,37.2
"leading_30",0.1666667,37.2
"leading_30",0.1666667,37.2
"leading_30",0.1666667,37.2
"leading_31.5",0.1666667,37.25
"leading_31.5",0.1666667,37.25
"leading_31.5",0.1666667,37.3
"leading_31.5",0.1666667,37.3
"leading_31.5",0.1666667,37.3
"leading_31.5",0.1666667,37.3
"leading_31.5",0.1666667,37.3
"leading_31.5",0.1666667,37.3
"leading_31.5",0.1666667,37.3
"leading_28.5",0.1666667,36.633
"leading_28.5",0.1666667,36.633
"leading_28.5",0.1666667,36.633
"leading_28.5",0.1666667,36.696
"leading_30",0.1666667,36.724
"leading_28.5",0.1666667,36.733
"leading_28.5",0.1666667,36.733
"leading_28.5",0.1666667,36.799
"leading_28.5",0.1666667,36.799
"leading_28.5",0.1666667,36.799
"leading_28.5",0.1666667,36.8
"leading_28.5",0.1666667,36.8
"leading_31.5",0.1666667,36.8
"leading_28.5",0.1666667,36.8
"leading_30",0.1666667,36.801
"leading_28.5",0.1666667,36.814
"leading_30",0.1666667,36.814
"leading_31.5",0.1666667,36.867
"leading_28.5",0.1666667,36.9
"leading_30",0.1666667,36.902
"leading_28.5",0.1666667,36.92
"leading_28.5",0.1666667,36.92
"leading_28.5",0.1666667,36.926
"leading_28.5",0.1666667,36.926
"leading_31.5",0.1666667,36.929
"leading_28.5",0.1666667,36.94
"leading_30",0.1666667,36.943
"leading_31.5",0.1666667,36.943
"leading_31.5",0.1666667,36.965
"leading_31.5",0.1666667,36.97
"leading_28.5",0.1666667,37
"leading_28.5",0.1666667,37
"leading_28.5",0.1666667,37
"leading_28.5",0.1666667,37
"leading_30",0.1666667,37
"leading_31.5",0.1666667,37
"leading_30",0.1666667,37.019
"leading_30",0.1666667,37.019
"leading_31.5",0.1666667,37.019
"leading_31.5",0.1666667,37.019
"leading_30",0.1666667,37.02
"leading_30",0.1666667,37.058
"leading_30",0.1666667,37.062
"leading_31.5",0.1666667,37.062
"leading_31.5",0.1666667,37.072
"leading_30",0.1666667,37.083
"leading_31.5",0.1666667,37.083
"leading_31.5",0.1666667,37.097
"leading_30",0.1666667,37.1
"leading_31.5",0.1666667,37.1
"leading_28.5",0.1666667,37.1
"leading_28.5",0.1666667,37.1
"leading_28.5",0.1666667,37.1
"leading_28.5",0.1666667,37.1
"leading_28.5",0.1666667,37.1
"leading_28.5",0.1666667,37.1
"leading_28.5",0.1666667,37.1
"leading_28.5",0.1666667,37.1
"leading_30",0.1666667,37.1
"leading_30",0.1666667,37.1
"leading_30",0.1666667,37.1
"leading_30",0.1666667,37.1
"leading_31.5",0.1666667,37.13
"leading_30",0.1666667,37.13
"leading_30",0.1666667,37.13
"leading_30",0.1666667,37.14
"leading_31.5",0.1666667,37.149
"leading_30",0.1666667,37.199
"leading_31.5",0.1666667,37.199
"leading_30",0.1666667,37.2
"leading_28.5",0.1666667,37.2
"leading_30",0.1666667,37.22
"leading_28.5",0.1666667,37.226
"leading_28.5",0.1666667,37.226
"leading_30",0.1666667,37.226
"leading_30",0.1666667,37.226
"leading_30",0.1666667,37.226
"leading_31.5",0.1666667,37.226
"leading_31.5",0.1666667,37.23
"leading_31.5",0.1666667,37.281
"leading_30",0.1666667,37.3
"leading_30",0.1666667,37.3
"leading_31.5",0.1666667,37.3
"leading_31.5",0.1666667,37.3
"leading_31.5",0.1666667,37.3
"leading_30",0.1666667,37.3
"leading_31.5",0.1666667,37.3
"leading_31.5",0.1666667,37.3
"leading_31.5",0.1666667,37.3
"leading_31.5",0.1666667,37.3
"leading_31.5",0.1666667,37.318
"leading_30",0.1666667,37.32
"leading_31.5",0.1666667,37.34
"leading_31.5",0.1666667,37.4
"leading_28.5",0.1666667,37.4
"leading_28.5",0.1666667,37.4
"leading_30",0.1666667,37.4
"leading_30",0.1666667,37.4
"leading_30",0.1666667,37.4
"leading_30",0.1666667,37.4
"leading_31.5",0.1666667,37.4
"leading_31.5",0.1666667,37.4
"leading_31.5",0.1666667,37.4
"leading_31.5",0.1666667,37.4
"leading_31.5",0.1666667,37.4
"leading_31.5",0.1666667,37.4
"core_30",0.1666667,36.57
"core_28.5",0.1666667,36.67
"core_28.5",0.1666667,36.686
"core_28.5",0.1666667,36.747
"core_28.5",0.1666667,36.747
"core_30",0.1666667,36.76
"core_28.5",0.1666667,36.774
"core_30",0.1666667,36.774
"core_28.5",0.1666667,36.794
"core_28.5",0.1666667,36.794
"core_28.5",0.1666667,36.798
"core_28.5",0.1666667,36.798
"core_28.5",0.1666667,36.816
"core_28.5",0.1666667,36.821
"core_31.5",0.1666667,36.83
"core_28.5",0.1666667,36.835
"core_28.5",0.1666667,36.85
"core_31.5",0.1666667,36.863
"core_28.5",0.1666667,36.876
"core_28.5",0.1666667,36.876
"core_28.5",0.1666667,36.884
"core_30",0.1666667,36.889
"core_30",0.1666667,36.89
"core_30",0.1666667,36.891
"core_30",0.1666667,36.891
"core_28.5",0.1666667,36.898
"core_31.5",0.1666667,36.898
"core_31.5",0.1666667,36.898
"core_28.5",0.1666667,36.903
"core_30",0.1666667,36.903
"core_28.5",0.1666667,36.905
"core_28.5",0.1666667,36.909
"core_30",0.1666667,36.909
"core_30",0.1666667,36.91
"core_28.5",0.1666667,36.912
"core_30",0.1666667,36.912
"core_30",0.1666667,36.912
"core_30",0.1666667,36.93
"core_30",0.1666667,36.936
"core_30",0.1666667,36.952
"core_30",0.1666667,36.952
"core_30",0.1666667,36.953
"core_30",0.1666667,36.953
"core_30",0.1666667,36.96
"core_28.5",0.1666667,36.964
"core_30",0.1666667,36.964
"core_30",0.1666667,36.979
"core_28.5",0.1666667,36.98
"core_31.5",0.1666667,36.98
"core_28.5",0.1666667,36.99
"core_31.5",0.1666667,36.99
"core_31.5",0.1666667,37
"core_30",0.1666667,37.015
"core_31.5",0.1666667,37.02
"core_28.5",0.1666667,37.032
"core_28.5",0.1666667,37.032
"core_28.5",0.1666667,37.034
"core_30",0.1666667,37.034
"core_30",0.1666667,37.034
"core_31.5",0.1666667,37.034
"core_30",0.1666667,37.042
"core_31.5",0.1666667,37.042
"core_31.5",0.1666667,37.05
"core_31.5",0.1666667,37.06
"core_31.5",0.1666667,37.061
"core_28.5",0.1666667,37.094
"core_28.5",0.1666667,37.095
"core_30",0.1666667,37.096
"core_30",0.1666667,37.096
"core_31.5",0.1666667,37.096
"core_31.5",0.1666667,37.116
"core_30",0.1666667,37.12
"core_30",0.1666667,37.13
"core_28.5",0.1666667,37.144
"core_31.5",0.1666667,37.144
"core_30",0.1666667,37.145
"core_31.5",0.1666667,37.146
"core_31.5",0.1666667,37.146
"core_31.5",0.1666667,37.146
"core_28.5",0.1666667,37.148
"core_31.5",0.1666667,37.148
"core_31.5",0.1666667,37.148
"core_31.5",0.1666667,37.149
"core_31.5",0.1666667,37.151
"core_28.5",0.1666667,37.159
"core_30",0.1666667,37.159
"core_31.5",0.1666667,37.159
"core_31.5",0.1666667,37.159
"core_31.5",0.1666667,37.173
"core_31.5",0.1666667,37.178
"core_28.5",0.1666667,37.186
"core_31.5",0.1666667,37.186
"core_31.5",0.1666667,37.186
"core_31.5",0.1666667,37.2
"core_31.5",0.1666667,37.204
"core_31.5",0.1666667,37.204
"core_30",0.1666667,37.228
"core_30",0.1666667,37.231
"core_30",0.1666667,37.231
"core_31.5",0.1666667,37.281
"core_30",0.1666667,37.305
"core_30",0.1666667,37.305
"core_30",0.1666667,37.305
"core_31.5",0.1666667,37.307
"core_31.5",0.1666667,37.307
"core_31.5",0.1666667,37.372
"core_28.5",0.1666667,37.382
"core_31.5",0.1666667,37.396
"core_31.5",0.1666667,37.408
"core_28.5",0.1666667,36.9
"core_28.5",0.1666667,36.98
"core_28.5",0.1666667,36.98
"core_28.5",0.1666667,36.98
"core_28.5",0.1666667,36.98
"core_28.5",0.1666667,36.983
"core_28.5",0.1666667,36.983
"core_28.5",0.1666667,36.983
"core_30",0.1666667,36.983
"core_28.5",0.1666667,37.01
"core_30",0.1666667,37.01
"core_28.5",0.1666667,37.049
"core_31.5",0.1666667,37.1
"core_30",0.1666667,37.122
"core_30",0.1666667,37.122
"core_30",0.1666667,37.122
"core_31.5",0.1666667,37.122
"core_28.5",0.1666667,37.2
"core_31.5",0.1666667,37.2
"core_31.5",0.1666667,37.22
"core_31.5",0.1666667,37.226
"core_31.5",0.1666667,37.226
"core_30",0.1666667,37.25
"core_30",0.1666667,37.25
"core_31.5",0.1666667,37.29
"core_31.5",0.1666667,37.29
"core_31.5",0.1666667,37.29
"core_31.5",0.1666667,37.347
"core_31.5",0.1666667,37.361
"core_31.5",0.1666667,37.361
"core_28.5",0.1666667,36.575
"core_28.5",0.1666667,36.616
"core_28.5",0.1666667,36.743
"core_28.5",0.1666667,36.751
"core_28.5",0.1666667,36.751
"core_31.5",0.1666667,36.751
"core_28.5",0.1666667,36.765
"core_28.5",0.1666667,36.849
"core_28.5",0.1666667,36.849
"core_30",0.1666667,36.85
"core_28.5",0.1666667,36.856
"core_28.5",0.1666667,36.857
"core_30",0.1666667,36.91
"core_30",0.1666667,36.947
"core_30",0.1666667,36.947
"core_30",0.1666667,36.961
"core_30",0.1666667,37.007
"core_30",0.1666667,37.007
"core_30",0.1666667,37.007
"core_28.5",0.1666667,37.02
"core_28.5",0.1666667,37.02
"core_30",0.1666667,37.024
"core_30",0.1666667,37.024
"core_31.5",0.1666667,37.09
"core_31.5",0.1666667,37.143
"core_31.5",0.1666667,37.16
"core_31.5",0.1666667,37.186
"core_31.5",0.1666667,37.2
"core_31.5",0.1666667,37.2
"core_31.5",0.1666667,37.2
"core_30",0.1666667,37.211
"core_31.5",0.1666667,37.211
"core_31.5",0.1666667,37.22
"core_30",0.1666667,37.266
"core_31.5",0.1666667,37.298
"core_31.5",0.1666667,37.469
"leading_28.5",0.1666667,36.56
"leading_28.5",0.1666667,36.667
"leading_30",0.1666667,36.68
"leading_30",0.1666667,36.7
"leading_31.5",0.1666667,36.728
"leading_28.5",0.1666667,36.735
"leading_28.5",0.1666667,36.76
"leading_28.5",0.1666667,36.812
"leading_28.5",0.1666667,36.812
"leading_28.5",0.1666667,36.812
"leading_30",0.1666667,36.83
"leading_31.5",0.1666667,36.83
"leading_31.5",0.1666667,36.83
"leading_28.5",0.1666667,36.836
"leading_28.5",0.1666667,36.836
"leading_30",0.1666667,36.836
"leading_30",0.1666667,36.836
"leading_28.5",0.1666667,36.837
"leading_28.5",0.1666667,36.837
"leading_30",0.1666667,36.837
"leading_30",0.1666667,36.88
"leading_30",0.1666667,36.88
"leading_30",0.1666667,36.89
"leading_31.5",0.1666667,36.905
"leading_31.5",0.1666667,36.905
"leading_31.5",0.1666667,36.91
"leading_28.5",0.1666667,36.916
"leading_28.5",0.1666667,36.916
"leading_30",0.1666667,36.916
"leading_28.5",0.1666667,36.919
"leading_30",0.1666667,36.919
"leading_31.5",0.1666667,36.93
"leading_28.5",0.1666667,36.939
"leading_28.5",0.1666667,36.939
"leading_28.5",0.1666667,36.94
"leading_28.5",0.1666667,36.94
"leading_28.5",0.1666667,36.947
"leading_31.5",0.1666667,36.947
"leading_31.5",0.1666667,36.968
"leading_28.5",0.1666667,36.981
"leading_31.5",0.1666667,36.989
"leading_30",0.1666667,36.995
"leading_31.5",0.1666667,37
"leading_28.5",0.1666667,37.001
"leading_30",0.1666667,37.001
"leading_31.5",0.1666667,37.001
"leading_28.5",0.1666667,37.021
"leading_30",0.1666667,37.021
"leading_31.5",0.1666667,37.024
"leading_30",0.1666667,37.044
"leading_31.5",0.1666667,37.05
"leading_30",0.1666667,37.084
"leading_31.5",0.1666667,37.084
"leading_31.5",0.1666667,37.084
"leading_31.5",0.1666667,37.095
"leading_30",0.1666667,37.098
"leading_30",0.1666667,37.13
"leading_30",0.1666667,37.13
"leading_28.5",0.1666667,37.137
"leading_30",0.1666667,37.137
"leading_30",0.1666667,37.137
"leading_30",0.1666667,37.153
"leading_31.5",0.1666667,37.153
"leading_31.5",0.1666667,37.153
"leading_28.5",0.1666667,37.179
"leading_31.5",0.1666667,37.208
"leading_31.5",0.1666667,37.208
"leading_31.5",0.1666667,37.214
"leading_30",0.1666667,37.233
"leading_30",0.1666667,37.233
"leading_31.5",0.1666667,37.242
"leading_31.5",0.1666667,37.283
"leading_31.5",0.1666667,37.3
